time,temperature_2m,relative_humidity_2m,precipitation,wind_speed_10m,city,latitude,longitude
2026-08-17 00:00:00,21.9,81,0.0,13.2,Bengaluru,12.9716,77.5946
2026-08-17 01:00:00,21.3,85,0.0,12.4,Bengaluru,12.9716,77.5946
2026-08-17 02:00:00,20.7,88,0.0,11.4,Bengaluru,12.9716,77.5946
2026-08-17 03:00:00,20.3,91,0.0,11.3,Bengaluru,12.9716,77.5946
2026-08-17 04:00:00,20.1,92,0.0,11.4,Bengaluru,12.9716,77.5946
2026-08-17 05:00:00,21.0,89,0.0,12.7,Bengaluru,12.9716,77.5946
2026-08-17 06:00:00,20.7,91,0.0,11.8,Bengaluru,12.9716,77.5946
2026-08-17 07:00:00,21.8,84,0.0,14.0,Bengaluru,12.9716,77.5946
2026-08-17 08:00:00,23.4,74,0.0,15.6,Bengaluru,12.9716,77.5946
2026-08-17 09:00:00,25.3,63,0.0,16.8,Bengaluru,12.9716,77.5946
2026-08-17 10:00:00,26.8,56,0.0,17.3,Bengaluru,12.9716,77.5946
2026-08-17 11:00:00,27.0,57,0.0,16.2,Bengaluru,12.9716,77.5946
2026-08-17 12:00:00,27.8,54,0.0,15.7,Bengaluru,12.9716,77.5946
2026-08-17 13:00:00,29.0,50,0.0,16.0,Bengaluru,12.9716,77.5946
2026-08-17 14:00:00,29.4,47,0.0,17.3,Bengaluru,12.9716,77.5946
2026-08-17 15:00:00,29.5,46,0.0,15.7,Bengaluru,12.9716,77.5946
2026-08-17 16:00:00,28.4,50,0.0,15.3,Bengaluru,12.9716,77.5946
2026-08-17 17:00:00,26.9,57,0.6,20.5,Bengaluru,12.9716,77.5946
2026-08-17 18:00:00,24.9,67,0.3,14.4,Bengaluru,12.9716,77.5946
2026-08-17 19:00:00,24.2,73,0.0,14.4,Bengaluru,12.9716,77.5946
2026-08-17 20:00:00,23.7,77,0.2,13.3,Bengaluru,12.9716,77.5946
2026-08-17 21:00:00,23.4,79,0.0,12.3,Bengaluru,12.9716,77.5946
2026-08-17 22:00:00,22.7,80,0.0,13.0,Bengaluru,12.9716,77.5946
2026-08-17 23:00:00,22.0,83,0.0,12.7,Bengaluru,12.9716,77.5946
2026-08-18 00:00:00,21.3,85,0.0,12.2,Bengaluru,12.9716,77.5946
2026-08-18 01:00:00,20.7,88,0.0,12.0,Bengaluru,12.9716,77.5946
2026-08-18 02:00:00,20.3,90,0.0,11.7,Bengaluru,12.9716,77.5946
2026-08-18 03:00:00,20.0,91,0.0,11.2,Bengaluru,12.9716,77.5946
2026-08-18 04:00:00,19.8,93,0.0,12.1,Bengaluru,12.9716,77.5946
2026-08-18 05:00:00,19.6,95,0.0,12.8,Bengaluru,12.9716,77.5946
2026-08-18 06:00:00,19.8,93,0.0,12.9,Bengaluru,12.9716,77.5946
2026-08-18 07:00:00,21.0,85,0.0,15.9,Bengaluru,12.9716,77.5946
2026-08-18 08:00:00,23.1,73,0.0,17.7,Bengaluru,12.9716,77.5946
2026-08-18 09:00:00,24.8,66,0.0,17.9,Bengaluru,12.9716,77.5946
2026-08-18 10:00:00,26.1,59,0.0,17.0,Bengaluru,12.9716,77.5946
2026-08-18 11:00:00,27.1,58,0.0,16.4,Bengaluru,12.9716,77.5946
2026-08-18 12:00:00,28.9,53,0.0,14.6,Bengaluru,12.9716,77.5946
2026-08-18 13:00:00,29.9,49,0.0,14.3,Bengaluru,12.9716,77.5946
2026-08-18 14:00:00,29.6,49,0.0,14.4,Bengaluru,12.9716,77.5946
2026-08-18 15:00:00,29.4,50,0.0,14.2,Bengaluru,12.9716,77.5946
2026-08-18 16:00:00,27.4,58,0.0,12.4,Bengaluru,12.9716,77.5946
2026-08-18 17:00:00,26.9,59,0.4,16.1,Bengaluru,12.9716,77.5946
2026-08-18 18:00:00,22.8,82,0.1,14.4,Bengaluru,12.9716,77.5946
2026-08-18 19:00:00,23.0,89,0.2,13.3,Bengaluru,12.9716,77.5946
2026-08-18 20:00:00,23.0,83,0.1,10.6,Bengaluru,12.9716,77.5946
2026-08-18 21:00:00,22.8,84,0.0,10.3,Bengaluru,12.9716,77.5946
2026-08-18 22:00:00,22.4,86,0.0,10.8,Bengaluru,12.9716,77.5946
2026-08-18 23:00:00,21.8,88,0.0,11.0,Bengaluru,12.9716,77.5946
2026-08-19 00:00:00,21.3,89,0.0,10.1,Bengaluru,12.9716,77.5946
2026-08-19 01:00:00,20.8,91,0.0,10.8,Bengaluru,12.9716,77.5946
2026-08-19 02:00:00,20.5,93,0.0,10.7,Bengaluru,12.9716,77.5946
2026-08-19 03:00:00,20.4,92,0.0,10.1,Bengaluru,12.9716,77.5946
2026-08-19 04:00:00,20.5,91,0.0,9.7,Bengaluru,12.9716,77.5946
2026-08-19 05:00:00,20.7,90,0.0,9.5,Bengaluru,12.9716,77.5946
2026-08-19 06:00:00,20.6,91,0.0,9.0,Bengaluru,12.9716,77.5946
2026-08-19 07:00:00,21.3,87,0.0,12.3,Bengaluru,12.9716,77.5946
2026-08-19 08:00:00,23.1,76,0.0,13.6,Bengaluru,12.9716,77.5946
2026-08-19 09:00:00,24.4,71,0.1,15.2,Bengaluru,12.9716,77.5946
2026-08-19 10:00:00,25.6,65,0.0,15.7,Bengaluru,12.9716,77.5946
2026-08-19 11:00:00,26.9,60,0.0,15.5,Bengaluru,12.9716,77.5946
2026-08-19 12:00:00,28.3,56,0.1,15.8,Bengaluru,12.9716,77.5946
2026-08-19 13:00:00,29.1,52,0.4,17.1,Bengaluru,12.9716,77.5946
2026-08-19 14:00:00,29.2,51,0.2,15.8,Bengaluru,12.9716,77.5946
2026-08-19 15:00:00,28.2,55,2.5,20.3,Bengaluru,12.9716,77.5946
2026-08-19 16:00:00,27.9,55,0.9,10.4,Bengaluru,12.9716,77.5946
2026-08-19 17:00:00,24.5,74,0.2,14.9,Bengaluru,12.9716,77.5946
2026-08-19 18:00:00,23.8,79,0.5,12.9,Bengaluru,12.9716,77.5946
2026-08-19 19:00:00,23.1,85,0.0,12.8,Bengaluru,12.9716,77.5946
2026-08-19 20:00:00,22.8,87,0.0,12.4,Bengaluru,12.9716,77.5946
2026-08-19 21:00:00,22.6,87,0.0,11.3,Bengaluru,12.9716,77.5946
2026-08-19 22:00:00,22.2,88,0.0,12.2,Bengaluru,12.9716,77.5946
2026-08-19 23:00:00,21.6,89,0.0,12.8,Bengaluru,12.9716,77.5946
2026-08-20 00:00:00,21.1,90,0.0,12.5,Bengaluru,12.9716,77.5946
2026-08-20 01:00:00,20.7,91,0.0,12.1,Bengaluru,12.9716,77.5946
2026-08-20 02:00:00,20.4,93,0.0,11.2,Bengaluru,12.9716,77.5946
2026-08-20 03:00:00,20.4,92,0.0,11.4,Bengaluru,12.9716,77.5946
2026-08-20 04:00:00,20.7,90,0.0,10.9,Bengaluru,12.9716,77.5946
2026-08-20 05:00:00,20.8,91,0.0,10.6,Bengaluru,12.9716,77.5946
2026-08-20 06:00:00,21.0,90,0.0,10.1,Bengaluru,12.9716,77.5946
2026-08-20 07:00:00,21.7,86,0.0,11.2,Bengaluru,12.9716,77.5946
2026-08-20 08:00:00,23.3,76,0.1,16.4,Bengaluru,12.9716,77.5946
2026-08-20 09:00:00,24.6,69,0.1,17.2,Bengaluru,12.9716,77.5946
2026-08-20 10:00:00,26.1,60,0.1,17.2,Bengaluru,12.9716,77.5946
2026-08-20 11:00:00,26.6,58,0.3,17.8,Bengaluru,12.9716,77.5946
2026-08-20 12:00:00,28.5,51,0.4,17.7,Bengaluru,12.9716,77.5946
2026-08-20 13:00:00,29.4,49,0.1,17.2,Bengaluru,12.9716,77.5946
2026-08-20 14:00:00,29.4,48,0.1,17.3,Bengaluru,12.9716,77.5946
2026-08-20 15:00:00,29.5,46,0.1,18.1,Bengaluru,12.9716,77.5946
2026-08-20 16:00:00,27.3,53,0.1,17.3,Bengaluru,12.9716,77.5946
2026-08-20 17:00:00,25.0,60,0.0,16.8,Bengaluru,12.9716,77.5946
2026-08-20 18:00:00,24.6,64,0.2,13.3,Bengaluru,12.9716,77.5946
2026-08-20 19:00:00,24.3,69,0.1,11.7,Bengaluru,12.9716,77.5946
2026-08-20 20:00:00,23.9,73,0.0,12.7,Bengaluru,12.9716,77.5946
2026-08-20 21:00:00,23.0,78,0.0,13.3,Bengaluru,12.9716,77.5946
2026-08-20 22:00:00,22.3,82,0.0,13.3,Bengaluru,12.9716,77.5946
2026-08-20 23:00:00,21.6,85,0.0,13.1,Bengaluru,12.9716,77.5946
2026-08-21 00:00:00,21.0,89,0.0,13.2,Bengaluru,12.9716,77.5946
2026-08-21 01:00:00,20.4,91,0.0,13.0,Bengaluru,12.9716,77.5946
2026-08-21 02:00:00,20.2,92,0.0,12.9,Bengaluru,12.9716,77.5946
2026-08-21 03:00:00,20.0,93,0.0,13.1,Bengaluru,12.9716,77.5946
2026-08-21 04:00:00,20.2,91,0.0,13.7,Bengaluru,12.9716,77.5946
2026-08-21 05:00:00,20.5,88,0.0,14.3,Bengaluru,12.9716,77.5946
2026-08-21 06:00:00,21.1,84,0.1,15.4,Bengaluru,12.9716,77.5946
2026-08-21 07:00:00,22.0,79,0.1,16.9,Bengaluru,12.9716,77.5946
2026-08-21 08:00:00,23.1,73,0.1,18.0,Bengaluru,12.9716,77.5946
2026-08-21 09:00:00,24.5,65,0.0,18.5,Bengaluru,12.9716,77.5946
2026-08-21 10:00:00,26.2,57,0.0,18.6,Bengaluru,12.9716,77.5946
2026-08-21 11:00:00,27.6,51,0.0,18.6,Bengaluru,12.9716,77.5946
2026-08-21 12:00:00,28.6,48,0.1,18.2,Bengaluru,12.9716,77.5946
2026-08-21 13:00:00,29.5,46,0.1,17.6,Bengaluru,12.9716,77.5946
2026-08-21 14:00:00,29.8,46,0.1,17.3,Bengaluru,12.9716,77.5946
2026-08-21 15:00:00,29.4,46,0.0,17.5,Bengaluru,12.9716,77.5946
2026-08-21 16:00:00,28.5,49,0.0,17.8,Bengaluru,12.9716,77.5946
2026-08-21 17:00:00,27.4,52,0.0,17.8,Bengaluru,12.9716,77.5946
2026-08-21 18:00:00,26.2,57,0.0,16.8,Bengaluru,12.9716,77.5946
2026-08-21 19:00:00,24.9,64,0.0,15.7,Bengaluru,12.9716,77.5946
2026-08-21 20:00:00,23.6,71,0.0,15.0,Bengaluru,12.9716,77.5946
2026-08-21 21:00:00,22.6,77,0.0,14.6,Bengaluru,12.9716,77.5946
2026-08-21 22:00:00,21.6,82,0.0,14.3,Bengaluru,12.9716,77.5946
2026-08-21 23:00:00,20.9,85,0.0,14.3,Bengaluru,12.9716,77.5946
2026-08-22 00:00:00,20.4,88,0.0,14.6,Bengaluru,12.9716,77.5946
2026-08-22 01:00:00,20.1,90,0.0,15.0,Bengaluru,12.9716,77.5946
2026-08-22 02:00:00,20.0,90,0.0,15.3,Bengaluru,12.9716,77.5946
2026-08-22 03:00:00,20.0,91,0.0,14.9,Bengaluru,12.9716,77.5946
2026-08-22 04:00:00,20.0,90,0.0,14.6,Bengaluru,12.9716,77.5946
2026-08-22 05:00:00,20.4,88,0.0,14.5,Bengaluru,12.9716,77.5946
2026-08-22 06:00:00,21.1,83,0.0,15.6,Bengaluru,12.9716,77.5946
2026-08-22 07:00:00,22.0,78,0.0,17.2,Bengaluru,12.9716,77.5946
2026-08-22 08:00:00,23.1,72,0.0,18.4,Bengaluru,12.9716,77.5946
2026-08-22 09:00:00,24.4,65,0.0,18.6,Bengaluru,12.9716,77.5946
2026-08-22 10:00:00,25.9,58,0.0,18.4,Bengaluru,12.9716,77.5946
2026-08-22 11:00:00,27.2,53,0.0,18.0,Bengaluru,12.9716,77.5946
2026-08-22 12:00:00,28.2,50,0.1,17.5,Bengaluru,12.9716,77.5946
2026-08-22 13:00:00,29.0,48,0.1,17.0,Bengaluru,12.9716,77.5946
2026-08-22 14:00:00,29.4,47,0.1,16.8,Bengaluru,12.9716,77.5946
2026-08-22 15:00:00,29.3,46,0.1,17.4,Bengaluru,12.9716,77.5946
2026-08-22 16:00:00,28.8,47,0.1,18.1,Bengaluru,12.9716,77.5946
2026-08-22 17:00:00,27.9,50,0.1,18.3,Bengaluru,12.9716,77.5946
2026-08-22 18:00:00,26.5,57,0.8,17.1,Bengaluru,12.9716,77.5946
2026-08-22 19:00:00,24.7,69,0.8,15.1,Bengaluru,12.9716,77.5946
2026-08-22 20:00:00,23.2,80,0.8,13.6,Bengaluru,12.9716,77.5946
2026-08-22 21:00:00,22.3,85,0.0,13.1,Bengaluru,12.9716,77.5946
2026-08-22 22:00:00,21.6,85,0.0,13.0,Bengaluru,12.9716,77.5946
2026-08-22 23:00:00,21.0,86,0.0,13.0,Bengaluru,12.9716,77.5946
2026-08-23 00:00:00,20.6,88,0.0,13.3,Bengaluru,12.9716,77.5946
2026-08-23 01:00:00,20.4,89,0.0,13.5,Bengaluru,12.9716,77.5946
2026-08-23 02:00:00,20.3,90,0.0,13.9,Bengaluru,12.9716,77.5946
2026-08-23 03:00:00,20.2,91,0.0,13.7,Bengaluru,12.9716,77.5946
2026-08-23 04:00:00,20.2,91,0.0,14.2,Bengaluru,12.9716,77.5946
2026-08-23 05:00:00,20.5,89,0.0,14.7,Bengaluru,12.9716,77.5946
2026-08-23 06:00:00,21.0,85,0.0,15.2,Bengaluru,12.9716,77.5946
2026-08-23 07:00:00,21.9,80,0.0,15.7,Bengaluru,12.9716,77.5946
2026-08-23 08:00:00,22.9,74,0.0,16.7,Bengaluru,12.9716,77.5946
2026-08-23 09:00:00,24.4,67,0.0,17.6,Bengaluru,12.9716,77.5946
2026-08-23 10:00:00,26.1,61,0.0,18.2,Bengaluru,12.9716,77.5946
2026-08-23 11:00:00,27.4,57,0.0,18.4,Bengaluru,12.9716,77.5946
2026-08-23 12:00:00,26.5,60,0.6,18.0,Bengaluru,12.9716,77.5946
2026-08-23 13:00:00,26.1,63,0.6,17.2,Bengaluru,12.9716,77.5946
2026-08-23 14:00:00,25.4,68,0.6,16.0,Bengaluru,12.9716,77.5946
2026-08-23 15:00:00,24.6,73,0.6,15.2,Bengaluru,12.9716,77.5946
2026-08-23 16:00:00,23.8,79,0.6,14.3,Bengaluru,12.9716,77.5946
2026-08-23 17:00:00,23.2,83,0.6,13.9,Bengaluru,12.9716,77.5946
2026-08-23 18:00:00,22.7,86,0.4,13.8,Bengaluru,12.9716,77.5946
2026-08-23 19:00:00,22.2,88,0.4,14.1,Bengaluru,12.9716,77.5946
2026-08-23 20:00:00,21.7,91,0.4,14.4,Bengaluru,12.9716,77.5946
2026-08-23 21:00:00,21.3,93,0.4,14.6,Bengaluru,12.9716,77.5946
2026-08-23 22:00:00,20.9,94,0.4,15.1,Bengaluru,12.9716,77.5946
2026-08-23 23:00:00,20.6,95,0.4,15.2,Bengaluru,12.9716,77.5946
2026-08-17 00:00:00,21.2,91,0.0,15.4,Mysuru,12.2958,76.6394
2026-08-17 01:00:00,21.0,92,0.0,14.4,Mysuru,12.2958,76.6394
2026-08-17 02:00:00,20.8,93,0.0,14.7,Mysuru,12.2958,76.6394
2026-08-17 03:00:00,20.8,93,0.0,14.3,Mysuru,12.2958,76.6394
2026-08-17 04:00:00,21.0,92,0.0,13.6,Mysuru,12.2958,76.6394
2026-08-17 05:00:00,21.9,88,0.1,14.7,Mysuru,12.2958,76.6394
2026-08-17 06:00:00,21.5,89,0.0,13.6,Mysuru,12.2958,76.6394
2026-08-17 07:00:00,22.3,84,0.0,15.0,Mysuru,12.2958,76.6394
2026-08-17 08:00:00,24.0,74,0.0,18.1,Mysuru,12.2958,76.6394
2026-08-17 09:00:00,25.4,67,0.0,18.9,Mysuru,12.2958,76.6394
2026-08-17 10:00:00,26.3,65,0.0,19.1,Mysuru,12.2958,76.6394
2026-08-17 11:00:00,27.3,58,0.0,17.3,Mysuru,12.2958,76.6394
2026-08-17 12:00:00,27.0,64,0.2,18.4,Mysuru,12.2958,76.6394
2026-08-17 13:00:00,28.7,58,0.3,17.3,Mysuru,12.2958,76.6394
2026-08-17 14:00:00,29.1,58,0.3,19.4,Mysuru,12.2958,76.6394
2026-08-17 15:00:00,27.4,61,2.0,22.4,Mysuru,12.2958,76.6394
2026-08-17 16:00:00,27.0,63,1.1,21.9,Mysuru,12.2958,76.6394
2026-08-17 17:00:00,26.1,67,0.9,22.3,Mysuru,12.2958,76.6394
2026-08-17 18:00:00,24.5,76,0.0,19.9,Mysuru,12.2958,76.6394
2026-08-17 19:00:00,23.2,82,0.0,17.0,Mysuru,12.2958,76.6394
2026-08-17 20:00:00,22.7,85,0.0,15.8,Mysuru,12.2958,76.6394
2026-08-17 21:00:00,22.1,87,0.0,14.1,Mysuru,12.2958,76.6394
2026-08-17 22:00:00,21.5,90,0.0,14.1,Mysuru,12.2958,76.6394
2026-08-17 23:00:00,21.1,93,0.0,13.7,Mysuru,12.2958,76.6394
2026-08-18 00:00:00,20.7,94,0.0,12.8,Mysuru,12.2958,76.6394
2026-08-18 01:00:00,20.7,94,0.0,13.2,Mysuru,12.2958,76.6394
2026-08-18 02:00:00,21.0,93,0.0,13.7,Mysuru,12.2958,76.6394
2026-08-18 03:00:00,21.0,92,0.0,11.8,Mysuru,12.2958,76.6394
2026-08-18 04:00:00,20.9,93,0.0,11.7,Mysuru,12.2958,76.6394
2026-08-18 05:00:00,20.7,94,0.0,10.9,Mysuru,12.2958,76.6394
2026-08-18 06:00:00,20.9,93,0.0,11.7,Mysuru,12.2958,76.6394
2026-08-18 07:00:00,22.0,85,0.0,15.3,Mysuru,12.2958,76.6394
2026-08-18 08:00:00,23.4,78,0.0,15.3,Mysuru,12.2958,76.6394
2026-08-18 09:00:00,25.2,70,0.1,14.4,Mysuru,12.2958,76.6394
2026-08-18 10:00:00,26.1,66,0.1,14.9,Mysuru,12.2958,76.6394
2026-08-18 11:00:00,28.4,60,0.2,16.0,Mysuru,12.2958,76.6394
2026-08-18 12:00:00,28.7,59,0.2,16.5,Mysuru,12.2958,76.6394
2026-08-18 13:00:00,28.4,57,0.1,16.8,Mysuru,12.2958,76.6394
2026-08-18 14:00:00,26.4,68,1.1,19.9,Mysuru,12.2958,76.6394
2026-08-18 15:00:00,27.5,64,0.3,19.3,Mysuru,12.2958,76.6394
2026-08-18 16:00:00,27.0,63,0.4,20.4,Mysuru,12.2958,76.6394
2026-08-18 17:00:00,24.4,82,0.1,19.5,Mysuru,12.2958,76.6394
2026-08-18 18:00:00,24.3,80,0.1,18.0,Mysuru,12.2958,76.6394
2026-08-18 19:00:00,23.3,84,0.0,14.7,Mysuru,12.2958,76.6394
2026-08-18 20:00:00,22.7,87,0.0,14.1,Mysuru,12.2958,76.6394
2026-08-18 21:00:00,22.1,90,0.0,14.0,Mysuru,12.2958,76.6394
2026-08-18 22:00:00,21.6,91,0.0,13.0,Mysuru,12.2958,76.6394
2026-08-18 23:00:00,21.3,93,0.0,11.2,Mysuru,12.2958,76.6394
2026-08-19 00:00:00,20.9,94,0.0,12.1,Mysuru,12.2958,76.6394
2026-08-19 01:00:00,20.9,95,0.0,12.1,Mysuru,12.2958,76.6394
2026-08-19 02:00:00,20.8,95,0.0,9.1,Mysuru,12.2958,76.6394
2026-08-19 03:00:00,20.5,96,0.0,9.3,Mysuru,12.2958,76.6394
2026-08-19 04:00:00,20.5,96,0.0,8.5,Mysuru,12.2958,76.6394
2026-08-19 05:00:00,20.5,97,0.0,8.3,Mysuru,12.2958,76.6394
2026-08-19 06:00:00,20.5,97,0.0,7.3,Mysuru,12.2958,76.6394
2026-08-19 07:00:00,22.1,88,0.0,12.3,Mysuru,12.2958,76.6394
2026-08-19 08:00:00,24.2,77,0.0,13.9,Mysuru,12.2958,76.6394
2026-08-19 09:00:00,25.9,67,0.1,14.9,Mysuru,12.2958,76.6394
2026-08-19 10:00:00,26.5,66,0.0,13.0,Mysuru,12.2958,76.6394
2026-08-19 11:00:00,28.7,59,0.1,14.2,Mysuru,12.2958,76.6394
2026-08-19 12:00:00,29.8,55,1.4,18.7,Mysuru,12.2958,76.6394
2026-08-19 13:00:00,26.8,70,3.0,11.6,Mysuru,12.2958,76.6394
2026-08-19 14:00:00,30.4,53,0.2,15.4,Mysuru,12.2958,76.6394
2026-08-19 15:00:00,28.0,63,0.4,21.6,Mysuru,12.2958,76.6394
2026-08-19 16:00:00,24.7,79,4.1,8.8,Mysuru,12.2958,76.6394
2026-08-19 17:00:00,23.7,89,0.3,13.4,Mysuru,12.2958,76.6394
2026-08-19 18:00:00,23.5,90,0.0,14.5,Mysuru,12.2958,76.6394
2026-08-19 19:00:00,23.2,87,0.1,14.7,Mysuru,12.2958,76.6394
2026-08-19 20:00:00,22.5,89,0.0,15.7,Mysuru,12.2958,76.6394
2026-08-19 21:00:00,22.0,91,0.0,14.3,Mysuru,12.2958,76.6394
2026-08-19 22:00:00,21.6,93,0.0,13.3,Mysuru,12.2958,76.6394
2026-08-19 23:00:00,21.2,94,0.0,12.1,Mysuru,12.2958,76.6394
2026-08-20 00:00:00,21.4,92,0.0,10.9,Mysuru,12.2958,76.6394
2026-08-20 01:00:00,21.7,90,0.0,11.8,Mysuru,12.2958,76.6394
2026-08-20 02:00:00,21.9,89,0.0,12.6,Mysuru,12.2958,76.6394
2026-08-20 03:00:00,21.9,90,0.0,11.3,Mysuru,12.2958,76.6394
2026-08-20 04:00:00,22.0,89,0.0,10.7,Mysuru,12.2958,76.6394
2026-08-20 05:00:00,22.0,90,0.0,10.7,Mysuru,12.2958,76.6394
2026-08-20 06:00:00,22.0,90,0.0,11.8,Mysuru,12.2958,76.6394
2026-08-20 07:00:00,22.7,86,0.1,13.4,Mysuru,12.2958,76.6394
2026-08-20 08:00:00,24.2,79,0.1,16.1,Mysuru,12.2958,76.6394
2026-08-20 09:00:00,24.9,75,0.2,18.4,Mysuru,12.2958,76.6394
2026-08-20 10:00:00,27.2,63,0.1,17.8,Mysuru,12.2958,76.6394
2026-08-20 11:00:00,28.2,58,0.1,18.6,Mysuru,12.2958,76.6394
2026-08-20 12:00:00,29.3,53,0.1,19.5,Mysuru,12.2958,76.6394
2026-08-20 13:00:00,30.2,49,0.1,21.4,Mysuru,12.2958,76.6394
2026-08-20 14:00:00,30.3,48,0.0,22.0,Mysuru,12.2958,76.6394
2026-08-20 15:00:00,29.9,48,0.0,22.3,Mysuru,12.2958,76.6394
2026-08-20 16:00:00,27.7,57,0.4,24.9,Mysuru,12.2958,76.6394
2026-08-20 17:00:00,27.0,61,0.1,20.4,Mysuru,12.2958,76.6394
2026-08-20 18:00:00,25.5,66,0.0,18.6,Mysuru,12.2958,76.6394
2026-08-20 19:00:00,24.2,73,0.0,17.6,Mysuru,12.2958,76.6394
2026-08-20 20:00:00,23.2,78,0.0,17.1,Mysuru,12.2958,76.6394
2026-08-20 21:00:00,22.5,82,0.0,15.7,Mysuru,12.2958,76.6394
2026-08-20 22:00:00,22.1,86,0.0,15.3,Mysuru,12.2958,76.6394
2026-08-20 23:00:00,22.4,85,0.0,15.2,Mysuru,12.2958,76.6394
2026-08-21 00:00:00,22.2,86,0.0,14.5,Mysuru,12.2958,76.6394
2026-08-21 01:00:00,22.0,87,0.0,13.8,Mysuru,12.2958,76.6394
2026-08-21 02:00:00,21.9,87,0.0,13.4,Mysuru,12.2958,76.6394
2026-08-21 03:00:00,21.6,89,0.0,13.1,Mysuru,12.2958,76.6394
2026-08-21 04:00:00,21.8,88,0.0,12.3,Mysuru,12.2958,76.6394
2026-08-21 05:00:00,21.7,88,0.0,13.0,Mysuru,12.2958,76.6394
2026-08-21 06:00:00,22.2,84,0.0,14.8,Mysuru,12.2958,76.6394
2026-08-21 07:00:00,23.0,80,0.0,17.5,Mysuru,12.2958,76.6394
2026-08-21 08:00:00,23.9,75,0.0,19.6,Mysuru,12.2958,76.6394
2026-08-21 09:00:00,25.1,68,0.0,20.4,Mysuru,12.2958,76.6394
2026-08-21 10:00:00,26.4,61,0.0,20.7,Mysuru,12.2958,76.6394
2026-08-21 11:00:00,27.6,55,0.0,20.9,Mysuru,12.2958,76.6394
2026-08-21 12:00:00,28.7,51,0.1,20.9,Mysuru,12.2958,76.6394
2026-08-21 13:00:00,29.7,48,0.1,20.8,Mysuru,12.2958,76.6394
2026-08-21 14:00:00,30.0,47,0.1,20.6,Mysuru,12.2958,76.6394
2026-08-21 15:00:00,29.5,49,0.1,20.7,Mysuru,12.2958,76.6394
2026-08-21 16:00:00,28.3,53,0.1,21.1,Mysuru,12.2958,76.6394
2026-08-21 17:00:00,27.0,58,0.1,21.0,Mysuru,12.2958,76.6394
2026-08-21 18:00:00,25.5,66,0.0,19.9,Mysuru,12.2958,76.6394
2026-08-21 19:00:00,23.8,75,0.0,18.4,Mysuru,12.2958,76.6394
2026-08-21 20:00:00,22.5,84,0.0,17.1,Mysuru,12.2958,76.6394
2026-08-21 21:00:00,21.6,89,0.0,16.3,Mysuru,12.2958,76.6394
2026-08-21 22:00:00,21.1,91,0.0,15.8,Mysuru,12.2958,76.6394
2026-08-21 23:00:00,20.8,92,0.0,15.5,Mysuru,12.2958,76.6394
2026-08-22 00:00:00,20.6,93,0.0,15.5,Mysuru,12.2958,76.6394
2026-08-22 01:00:00,20.6,93,0.0,15.6,Mysuru,12.2958,76.6394
2026-08-22 02:00:00,20.6,93,0.0,15.7,Mysuru,12.2958,76.6394
2026-08-22 03:00:00,20.6,93,0.0,15.5,Mysuru,12.2958,76.6394
2026-08-22 04:00:00,20.6,93,0.0,15.5,Mysuru,12.2958,76.6394
2026-08-22 05:00:00,20.8,91,0.0,15.7,Mysuru,12.2958,76.6394
2026-08-22 06:00:00,21.5,87,0.0,17.0,Mysuru,12.2958,76.6394
2026-08-22 07:00:00,22.5,81,0.0,19.0,Mysuru,12.2958,76.6394
2026-08-22 08:00:00,23.5,75,0.0,20.3,Mysuru,12.2958,76.6394
2026-08-22 09:00:00,24.7,69,0.0,20.6,Mysuru,12.2958,76.6394
2026-08-22 10:00:00,25.9,63,0.0,20.3,Mysuru,12.2958,76.6394
2026-08-22 11:00:00,26.9,59,0.0,20.3,Mysuru,12.2958,76.6394
2026-08-22 12:00:00,27.5,57,0.3,20.6,Mysuru,12.2958,76.6394
2026-08-22 13:00:00,27.9,57,0.3,21.0,Mysuru,12.2958,76.6394
2026-08-22 14:00:00,27.9,57,0.3,21.4,Mysuru,12.2958,76.6394
2026-08-22 15:00:00,27.4,59,0.4,22.0,Mysuru,12.2958,76.6394
2026-08-22 16:00:00,26.6,63,0.4,22.7,Mysuru,12.2958,76.6394
2026-08-22 17:00:00,25.6,68,0.4,22.5,Mysuru,12.2958,76.6394
2026-08-22 18:00:00,24.4,74,0.0,21.1,Mysuru,12.2958,76.6394
2026-08-22 19:00:00,23.0,80,0.0,18.9,Mysuru,12.2958,76.6394
2026-08-22 20:00:00,21.9,86,0.0,17.2,Mysuru,12.2958,76.6394
2026-08-22 21:00:00,21.4,88,0.0,16.2,Mysuru,12.2958,76.6394
2026-08-22 22:00:00,21.2,90,0.0,15.4,Mysuru,12.2958,76.6394
2026-08-22 23:00:00,21.1,90,0.0,15.2,Mysuru,12.2958,76.6394
2026-08-23 00:00:00,21.1,90,0.0,15.3,Mysuru,12.2958,76.6394
2026-08-23 01:00:00,21.3,89,0.0,15.7,Mysuru,12.2958,76.6394
2026-08-23 02:00:00,21.3,89,0.0,16.1,Mysuru,12.2958,76.6394
2026-08-23 03:00:00,21.2,90,0.0,15.7,Mysuru,12.2958,76.6394
2026-08-23 04:00:00,21.0,91,0.0,16.0,Mysuru,12.2958,76.6394
2026-08-23 05:00:00,21.1,90,0.0,16.3,Mysuru,12.2958,76.6394
2026-08-23 06:00:00,21.7,87,0.0,16.6,Mysuru,12.2958,76.6394
2026-08-23 07:00:00,22.6,82,0.0,17.2,Mysuru,12.2958,76.6394
2026-08-23 08:00:00,23.7,76,0.0,17.9,Mysuru,12.2958,76.6394
2026-08-23 09:00:00,25.1,70,0.0,18.6,Mysuru,12.2958,76.6394
2026-08-23 10:00:00,26.5,64,0.0,19.1,Mysuru,12.2958,76.6394
2026-08-23 11:00:00,27.6,60,0.0,19.6,Mysuru,12.2958,76.6394
2026-08-23 12:00:00,27.8,60,0.7,20.0,Mysuru,12.2958,76.6394
2026-08-23 13:00:00,27.5,62,0.7,20.6,Mysuru,12.2958,76.6394
2026-08-23 14:00:00,26.9,65,0.7,20.8,Mysuru,12.2958,76.6394
2026-08-23 15:00:00,26.2,70,0.7,21.1,Mysuru,12.2958,76.6394
2026-08-23 16:00:00,25.4,74,0.7,21.2,Mysuru,12.2958,76.6394
2026-08-23 17:00:00,24.8,77,0.7,21.1,Mysuru,12.2958,76.6394
2026-08-23 18:00:00,24.2,80,0.0,20.7,Mysuru,12.2958,76.6394
2026-08-23 19:00:00,23.6,83,0.0,19.8,Mysuru,12.2958,76.6394
2026-08-23 20:00:00,23.0,85,0.0,18.8,Mysuru,12.2958,76.6394
2026-08-23 21:00:00,22.4,88,0.0,17.7,Mysuru,12.2958,76.6394
2026-08-23 22:00:00,21.8,90,0.0,16.8,Mysuru,12.2958,76.6394
2026-08-23 23:00:00,21.5,91,0.0,16.1,Mysuru,12.2958,76.6394
2026-08-17 00:00:00,28.5,86,0.0,8.0,Delhi,28.6139,77.209
2026-08-17 01:00:00,28.3,86,0.0,6.7,Delhi,28.6139,77.209
2026-08-17 02:00:00,27.9,88,0.0,6.2,Delhi,28.6139,77.209
2026-08-17 03:00:00,27.8,86,0.0,8.0,Delhi,28.6139,77.209
2026-08-17 04:00:00,27.5,83,0.0,8.5,Delhi,28.6139,77.209
2026-08-17 05:00:00,28.4,79,0.0,11.6,Delhi,28.6139,77.209
2026-08-17 06:00:00,28.0,80,0.0,10.1,Delhi,28.6139,77.209
2026-08-17 07:00:00,28.6,79,0.0,10.1,Delhi,28.6139,77.209
2026-08-17 08:00:00,29.5,76,0.0,10.3,Delhi,28.6139,77.209
2026-08-17 09:00:00,30.3,74,0.0,8.6,Delhi,28.6139,77.209
2026-08-17 10:00:00,31.3,71,0.0,8.8,Delhi,28.6139,77.209
2026-08-17 11:00:00,32.5,65,0.0,10.2,Delhi,28.6139,77.209
2026-08-17 12:00:00,33.0,64,0.0,9.4,Delhi,28.6139,77.209
2026-08-17 13:00:00,31.6,68,0.0,8.8,Delhi,28.6139,77.209
2026-08-17 14:00:00,30.3,75,0.0,7.0,Delhi,28.6139,77.209
2026-08-17 15:00:00,31.0,75,0.1,7.0,Delhi,28.6139,77.209
2026-08-17 16:00:00,30.7,78,0.4,9.3,Delhi,28.6139,77.209
2026-08-17 17:00:00,29.5,82,0.5,7.2,Delhi,28.6139,77.209
2026-08-17 18:00:00,29.5,84,0.5,2.9,Delhi,28.6139,77.209
2026-08-17 19:00:00,28.8,89,1.3,4.6,Delhi,28.6139,77.209
2026-08-17 20:00:00,28.1,91,0.0,3.1,Delhi,28.6139,77.209
2026-08-17 21:00:00,24.6,99,0.0,1.4,Delhi,28.6139,77.209
2026-08-17 22:00:00,25.1,98,0.0,4.1,Delhi,28.6139,77.209
2026-08-17 23:00:00,24.9,99,0.0,3.1,Delhi,28.6139,77.209
2026-08-18 00:00:00,25.1,97,0.0,8.0,Delhi,28.6139,77.209
2026-08-18 01:00:00,24.8,98,0.0,7.8,Delhi,28.6139,77.209
2026-08-18 02:00:00,25.1,98,0.3,5.8,Delhi,28.6139,77.209
2026-08-18 03:00:00,24.9,99,0.1,3.8,Delhi,28.6139,77.209
2026-08-18 04:00:00,25.0,98,0.0,3.9,Delhi,28.6139,77.209
2026-08-18 05:00:00,24.9,99,0.2,3.4,Delhi,28.6139,77.209
2026-08-18 06:00:00,25.1,99,0.6,2.1,Delhi,28.6139,77.209
2026-08-18 07:00:00,25.9,98,0.1,0.2,Delhi,28.6139,77.209
2026-08-18 08:00:00,26.9,92,0.0,3.4,Delhi,28.6139,77.209
2026-08-18 09:00:00,28.6,84,0.0,3.6,Delhi,28.6139,77.209
2026-08-18 10:00:00,30.2,76,0.1,5.7,Delhi,28.6139,77.209
2026-08-18 11:00:00,31.1,70,0.1,4.6,Delhi,28.6139,77.209
2026-08-18 12:00:00,31.7,67,0.2,3.8,Delhi,28.6139,77.209
2026-08-18 13:00:00,32.3,65,0.4,3.6,Delhi,28.6139,77.209
2026-08-18 14:00:00,32.6,66,0.2,2.9,Delhi,28.6139,77.209
2026-08-18 15:00:00,32.5,66,0.1,3.8,Delhi,28.6139,77.209
2026-08-18 16:00:00,32.3,67,0.2,5.1,Delhi,28.6139,77.209
2026-08-18 17:00:00,31.4,72,0.3,3.4,Delhi,28.6139,77.209
2026-08-18 18:00:00,27.0,90,0.0,10.3,Delhi,28.6139,77.209
2026-08-18 19:00:00,26.5,98,0.0,3.7,Delhi,28.6139,77.209
2026-08-18 20:00:00,27.0,96,0.0,3.8,Delhi,28.6139,77.209
2026-08-18 21:00:00,26.9,95,0.0,5.6,Delhi,28.6139,77.209
2026-08-18 22:00:00,26.7,95,0.5,5.8,Delhi,28.6139,77.209
2026-08-18 23:00:00,26.5,95,0.5,7.2,Delhi,28.6139,77.209
2026-08-19 00:00:00,26.3,96,0.0,5.0,Delhi,28.6139,77.209
2026-08-19 01:00:00,26.1,97,0.0,4.2,Delhi,28.6139,77.209
2026-08-19 02:00:00,26.0,96,0.0,3.3,Delhi,28.6139,77.209
2026-08-19 03:00:00,25.9,96,0.0,4.8,Delhi,28.6139,77.209
2026-08-19 04:00:00,26.0,95,0.0,6.3,Delhi,28.6139,77.209
2026-08-19 05:00:00,26.0,96,0.0,5.8,Delhi,28.6139,77.209
2026-08-19 06:00:00,26.0,97,0.0,7.2,Delhi,28.6139,77.209
2026-08-19 07:00:00,26.9,93,0.0,5.6,Delhi,28.6139,77.209
2026-08-19 08:00:00,28.1,87,0.0,5.2,Delhi,28.6139,77.209
2026-08-19 09:00:00,29.6,79,0.0,4.9,Delhi,28.6139,77.209
2026-08-19 10:00:00,30.9,73,0.0,4.3,Delhi,28.6139,77.209
2026-08-19 11:00:00,31.8,71,0.0,2.6,Delhi,28.6139,77.209
2026-08-19 12:00:00,32.2,69,0.1,2.9,Delhi,28.6139,77.209
2026-08-19 13:00:00,32.6,70,0.1,3.2,Delhi,28.6139,77.209
2026-08-19 14:00:00,32.9,70,0.1,2.1,Delhi,28.6139,77.209
2026-08-19 15:00:00,33.0,70,0.1,5.4,Delhi,28.6139,77.209
2026-08-19 16:00:00,31.5,75,0.7,6.9,Delhi,28.6139,77.209
2026-08-19 17:00:00,28.7,87,0.1,3.1,Delhi,28.6139,77.209
2026-08-19 18:00:00,27.3,96,0.0,0.6,Delhi,28.6139,77.209
2026-08-19 19:00:00,27.2,97,0.1,1.3,Delhi,28.6139,77.209
2026-08-19 20:00:00,27.1,97,2.1,4.7,Delhi,28.6139,77.209
2026-08-19 21:00:00,27.0,97,1.2,7.7,Delhi,28.6139,77.209
2026-08-19 22:00:00,26.9,96,0.2,6.0,Delhi,28.6139,77.209
2026-08-19 23:00:00,26.8,96,0.0,4.4,Delhi,28.6139,77.209
2026-08-20 00:00:00,26.7,96,0.0,1.1,Delhi,28.6139,77.209
2026-08-20 01:00:00,26.5,98,0.0,0.7,Delhi,28.6139,77.209
2026-08-20 02:00:00,26.4,98,0.0,0.6,Delhi,28.6139,77.209
2026-08-20 03:00:00,26.3,97,0.1,6.0,Delhi,28.6139,77.209
2026-08-20 04:00:00,25.6,99,2.0,4.6,Delhi,28.6139,77.209
2026-08-20 05:00:00,25.6,97,0.5,1.9,Delhi,28.6139,77.209
2026-08-20 06:00:00,25.8,95,0.8,2.2,Delhi,28.6139,77.209
2026-08-20 07:00:00,25.4,98,4.2,4.7,Delhi,28.6139,77.209
2026-08-20 08:00:00,26.2,99,0.6,4.7,Delhi,28.6139,77.209
2026-08-20 09:00:00,27.3,89,0.2,2.0,Delhi,28.6139,77.209
2026-08-20 10:00:00,28.9,82,0.0,1.3,Delhi,28.6139,77.209
2026-08-20 11:00:00,29.7,77,0.0,1.9,Delhi,28.6139,77.209
2026-08-20 12:00:00,30.9,75,0.0,1.4,Delhi,28.6139,77.209
2026-08-20 13:00:00,30.9,74,0.1,1.1,Delhi,28.6139,77.209
2026-08-20 14:00:00,31.6,71,0.2,1.5,Delhi,28.6139,77.209
2026-08-20 15:00:00,31.8,70,0.1,0.9,Delhi,28.6139,77.209
2026-08-20 16:00:00,31.8,68,0.1,3.1,Delhi,28.6139,77.209
2026-08-20 17:00:00,31.0,73,0.3,4.6,Delhi,28.6139,77.209
2026-08-20 18:00:00,28.1,87,0.3,7.2,Delhi,28.6139,77.209
2026-08-20 19:00:00,27.7,91,1.1,1.8,Delhi,28.6139,77.209
2026-08-20 20:00:00,27.5,93,0.4,1.5,Delhi,28.6139,77.209
2026-08-20 21:00:00,27.3,95,0.0,0.8,Delhi,28.6139,77.209
2026-08-20 22:00:00,27.2,95,0.0,1.5,Delhi,28.6139,77.209
2026-08-20 23:00:00,27.2,96,0.0,2.6,Delhi,28.6139,77.209
2026-08-21 00:00:00,27.0,97,0.0,3.1,Delhi,28.6139,77.209
2026-08-21 01:00:00,26.9,97,0.0,3.5,Delhi,28.6139,77.209
2026-08-21 02:00:00,26.8,97,0.0,3.4,Delhi,28.6139,77.209
2026-08-21 03:00:00,26.7,97,0.2,1.9,Delhi,28.6139,77.209
2026-08-21 04:00:00,26.6,96,0.2,0.3,Delhi,28.6139,77.209
2026-08-21 05:00:00,26.6,95,0.2,0.9,Delhi,28.6139,77.209
2026-08-21 06:00:00,26.4,95,0.7,2.2,Delhi,28.6139,77.209
2026-08-21 07:00:00,26.3,95,0.7,6.7,Delhi,28.6139,77.209
2026-08-21 08:00:00,26.6,93,0.7,9.2,Delhi,28.6139,77.209
2026-08-21 09:00:00,27.8,87,0.0,7.4,Delhi,28.6139,77.209
2026-08-21 10:00:00,29.5,78,0.0,4.2,Delhi,28.6139,77.209
2026-08-21 11:00:00,30.9,73,0.0,3.4,Delhi,28.6139,77.209
2026-08-21 12:00:00,31.9,70,0.1,2.9,Delhi,28.6139,77.209
2026-08-21 13:00:00,32.5,69,0.1,2.2,Delhi,28.6139,77.209
2026-08-21 14:00:00,32.4,70,0.1,1.9,Delhi,28.6139,77.209
2026-08-21 15:00:00,30.9,76,0.0,2.2,Delhi,28.6139,77.209
2026-08-21 16:00:00,28.6,85,0.0,3.2,Delhi,28.6139,77.209
2026-08-21 17:00:00,26.9,93,0.0,3.6,Delhi,28.6139,77.209
2026-08-21 18:00:00,26.4,97,1.5,2.7,Delhi,28.6139,77.209
2026-08-21 19:00:00,26.5,97,1.5,2.9,Delhi,28.6139,77.209
2026-08-21 20:00:00,26.6,98,1.5,4.0,Delhi,28.6139,77.209
2026-08-21 21:00:00,26.6,98,0.1,3.9,Delhi,28.6139,77.209
2026-08-21 22:00:00,26.6,98,0.1,3.0,Delhi,28.6139,77.209
2026-08-21 23:00:00,26.6,98,0.1,1.9,Delhi,28.6139,77.209
2026-08-22 00:00:00,26.5,97,0.2,0.9,Delhi,28.6139,77.209
2026-08-22 01:00:00,26.4,97,0.2,0.8,Delhi,28.6139,77.209
2026-08-22 02:00:00,26.3,96,0.2,2.4,Delhi,28.6139,77.209
2026-08-22 03:00:00,26.0,96,2.4,4.7,Delhi,28.6139,77.209
2026-08-22 04:00:00,25.6,96,2.4,7.2,Delhi,28.6139,77.209
2026-08-22 05:00:00,25.5,95,2.4,8.7,Delhi,28.6139,77.209
2026-08-22 06:00:00,25.8,93,0.9,7.9,Delhi,28.6139,77.209
2026-08-22 07:00:00,26.3,90,0.9,6.3,Delhi,28.6139,77.209
2026-08-22 08:00:00,27.0,87,0.9,4.6,Delhi,28.6139,77.209
2026-08-22 09:00:00,28.1,82,0.2,2.8,Delhi,28.6139,77.209
2026-08-22 10:00:00,29.5,76,0.2,2.0,Delhi,28.6139,77.209
2026-08-22 11:00:00,30.6,72,0.2,2.8,Delhi,28.6139,77.209
2026-08-22 12:00:00,31.4,70,0.1,2.6,Delhi,28.6139,77.209
2026-08-22 13:00:00,32.0,69,0.1,1.3,Delhi,28.6139,77.209
2026-08-22 14:00:00,32.0,70,0.1,0.3,Delhi,28.6139,77.209
2026-08-22 15:00:00,31.1,73,0.1,2.0,Delhi,28.6139,77.209
2026-08-22 16:00:00,29.6,78,0.1,4.7,Delhi,28.6139,77.209
2026-08-22 17:00:00,28.4,84,0.1,5.6,Delhi,28.6139,77.209
2026-08-22 18:00:00,27.8,89,0.0,3.5,Delhi,28.6139,77.209
2026-08-22 19:00:00,27.4,95,0.0,1.5,Delhi,28.6139,77.209
2026-08-22 20:00:00,27.1,99,0.0,3.4,Delhi,28.6139,77.209
2026-08-22 21:00:00,26.9,100,0.0,3.0,Delhi,28.6139,77.209
2026-08-22 22:00:00,26.8,100,0.0,1.6,Delhi,28.6139,77.209
2026-08-22 23:00:00,26.7,99,0.0,1.7,Delhi,28.6139,77.209
2026-08-23 00:00:00,26.6,100,0.0,1.9,Delhi,28.6139,77.209
2026-08-23 01:00:00,26.5,100,0.0,2.0,Delhi,28.6139,77.209
2026-08-23 02:00:00,26.3,100,0.0,2.0,Delhi,28.6139,77.209
2026-08-23 03:00:00,25.7,98,1.5,3.5,Delhi,28.6139,77.209
2026-08-23 04:00:00,25.0,100,1.5,3.6,Delhi,28.6139,77.209
2026-08-23 05:00:00,24.6,100,1.5,3.5,Delhi,28.6139,77.209
2026-08-23 06:00:00,24.8,100,0.9,3.9,Delhi,28.6139,77.209
2026-08-23 07:00:00,25.4,97,0.9,5.5,Delhi,28.6139,77.209
2026-08-23 08:00:00,26.1,93,0.9,6.1,Delhi,28.6139,77.209
2026-08-23 09:00:00,27.1,88,0.9,4.2,Delhi,28.6139,77.209
2026-08-23 10:00:00,28.3,83,0.9,2.1,Delhi,28.6139,77.209
2026-08-23 11:00:00,29.1,80,0.9,3.2,Delhi,28.6139,77.209
2026-08-23 12:00:00,31.2,71,0.1,3.2,Delhi,28.6139,77.209
2026-08-23 13:00:00,31.6,69,0.1,3.0,Delhi,28.6139,77.209
2026-08-23 14:00:00,31.8,68,0.1,2.5,Delhi,28.6139,77.209
2026-08-23 15:00:00,31.9,67,0.1,2.2,Delhi,28.6139,77.209
2026-08-23 16:00:00,31.9,67,0.1,1.9,Delhi,28.6139,77.209
2026-08-23 17:00:00,31.8,68,0.1,1.8,Delhi,28.6139,77.209
2026-08-23 18:00:00,31.4,70,0.0,1.5,Delhi,28.6139,77.209
2026-08-23 19:00:00,30.9,73,0.0,1.5,Delhi,28.6139,77.209
2026-08-23 20:00:00,30.2,76,0.0,2.2,Delhi,28.6139,77.209
2026-08-23 21:00:00,29.5,81,0.0,3.1,Delhi,28.6139,77.209
2026-08-23 22:00:00,28.8,85,0.0,3.8,Delhi,28.6139,77.209
2026-08-23 23:00:00,28.2,88,0.0,4.2,Delhi,28.6139,77.209
